wkt_geom,fid,date,lai,location,protocol_version,Barcode Biomass Sample,Barcode Leaf Area Sample,Row Spacing [cm],leaf_area_cm2,Comment,tmean_degC,gdd,gdd_cumsum,parcel,genotype,index_right,point_id
Point (1009573.51416965096723288 6051626.82191083673387766),1,2022-03-17 10:34:56,0.4472642662,Arenenberg,v2.0,13508,13541,12,107.3434239,,8.6,8.6,694.5,Broatefaeld,,1,1
Point (1009584.96292864845599979 6051647.73649800289422274),2,2022-03-28 09:07:15,0.3315863111,Arenenberg,v2.0,13574,13637,13,43.10622044,2nd fertilizer application (N),11.6,11.6,802.1,Broatefaeld,,1,1
Point (1009582.48096459521912038 6051635.1835830258205533),3,2022-05-11 09:48:44,2.77,Arenenberg,v3.0,14970,0,14,0,,20.9,20.9,1287.6,Broatefaeld,,1,1
Point (1009582.48096459521912038 6051635.1835830258205533),4,2022-05-11 09:48:44,2.77,Arenenberg,v3.0,14970,0,14,0,,20.9,20.9,1287.6,Broatefaeld,,1,1
Point (1009579.29919864726252854 6051649.44763076212257147),5,2022-05-19 13:14:04,3.67,Arenenberg,v3.0,15096,0,13,0,,21.6,21.6,1447.6,Broatefaeld,,1,1
Point (1009585.41080186096951365 6051642.90791872143745422),6,2022-06-15 11:45:12,3.78,Arenenberg,v3.0,20147,0,14,0,,22.2,22.2,1926.4,Broatefaeld,,1,1
Point (1009492.75703100266400725 6051671.33907577395439148),7,2022-03-17 11:09:43,0.7558729996,Arenenberg,v2.0,13507,13540,12,181.4095199,,8.6,8.6,694.5,Broatefaeld,,3,3
Point (1009508.0780271504772827 6051675.25321657489985228),8,2022-03-28 09:22:47,0.4561789692,Arenenberg,v2.0,13573,13636,13,59.303266,2nd fertilizer application (N),11.6,11.6,802.1,Broatefaeld,,3,3
Point (1009507.05165103846229613 6051673.70834308862686157),9,2022-05-11 09:58:08,2.8,Arenenberg,v3.0,14971,0,14,0,,20.9,20.9,1287.6,Broatefaeld,,3,3
Point (1009507.05165103846229613 6051673.70834308862686157),10,2022-05-11 09:58:08,2.8,Arenenberg,v3.0,14971,0,14,0,,20.9,20.9,1287.6,Broatefaeld,,3,3
Point (1009501.12666166317649186 6051669.77341995295137167),11,2022-05-19 13:20:06,3.54,Arenenberg,v3.0,15097,0,13,0,,21.6,21.6,1447.6,Broatefaeld,,3,3
Point (1009502.20902192709036171 6051681.80680850800126791),12,2022-06-15 11:59:39,3.82,Arenenberg,v3.0,20148,0,14,0,,22.2,22.2,1926.4,Broatefaeld,,3,3
Point (1009427.3955340376123786 6051716.23056713491678238),13,2022-03-17 11:38:36,0.5839359384,Arenenberg,v2.0,13506,13539,12,140.1446252,,8.6,8.6,694.5,Broatefaeld,,0,0
Point (1009426.02392232406418771 6051722.79804564081132412),14,2022-03-28 10:04:32,0.8701463241,Arenenberg,v2.0,13571,13634,13,113.1190221,2nd fertilizer application (N),11.6,11.6,802.1,Broatefaeld,,0,0
Point (1009423.46731273527257144 6051727.94534505158662796),15,2022-05-11 10:04:38,2.99,Arenenberg,v3.0,14972,0,14,0,,20.9,20.9,1287.6,Broatefaeld,,0,0
Point (1009423.46731273527257144 6051727.94534505158662796),16,2022-05-11 10:04:38,2.99,Arenenberg,v3.0,14972,0,14,0,,20.9,20.9,1287.6,Broatefaeld,,0,0
Point (1009423.82187902869191021 6051725.34744792617857456),17,2022-05-19 13:25:27,3.6,Arenenberg,v3.0,15098,0,13,0,,21.6,21.6,1447.6,Broatefaeld,,0,0
Point (1009419.74436665559187531 6051725.12576074339449406),18,2022-06-15 12:03:41,3.95,Arenenberg,v3.0,20149,0,14,0,,22.2,22.2,1926.4,Broatefaeld,,0,0
Point (1009435.90512507711537182 6051678.46073504909873009),19,2022-03-28 09:44:50,0.5219298907,Arenenberg,v2.0,13572,13635,13,67.8508858,2nd fertilizer application (N),11.6,11.6,802.1,Broatefaeld,,2,2
Point (1009435.23331525817047805 6051680.67066747881472111),20,2022-05-11 10:11:50,2.85,Arenenberg,v3.0,14973,0,14,0,,20.9,20.9,1287.6,Broatefaeld,,2,2
Point (1009435.23331525817047805 6051680.67066747881472111),21,2022-05-11 10:11:50,2.85,Arenenberg,v3.0,14973,0,14,0,,20.9,20.9,1287.6,Broatefaeld,,2,2
Point (1009434.40288367646280676 6051680.34506611526012421),22,2022-05-19 13:30:34,3.52,Arenenberg,v3.0,15099,0,13,0,,21.6,21.6,1447.6,Broatefaeld,,2,2
Point (1009440.3092116677435115 6051683.71192337945103645),23,2022-06-15 12:07:30,4.4,Arenenberg,v3.0,20150,0,14,0,,22.2,22.2,1926.4,Broatefaeld,,2,2
Point (967255.58851998194586486 6015280.676189417950809),24,2022-03-11 13:47:27,0.06804567942,Strickhof,v2.0,13489,13522,12,16.33096306,,5.7,5.7,394.2,Bramenwies,Montalbano,0,0
Point (967260.41248770954553038 6015282.26286165975034237),25,2022-03-18 13:00:01,0.3283328475,Strickhof,v2.0,13552,13615,13,85.36654034,,7.5,7.5,452,Bramenwies,Montalbano,0,0
Point (967242.61885820026509464 6015281.65578703209757805),26,2022-05-06 10:16:44,3.63,Strickhof,v3.0,17223,0,15,0,No red dot,11.2,11.2,919.6,Bramenwies,Montalbano,0,0
Point (967244.28905205545015633 6015275.85408729407936335),27,2022-05-13 12:38:35,4.2,Strickhof,v3.0,17286,0,13,0,,17,17,1035.8,Bramenwies,Montalbano,0,0
Point (967245.83794691588263959 6015292.34858507663011551),28,2022-05-20 13:18:14,4.13,Strickhof,v3.0,21006,0,15,0,,23,23,1175.6,Bramenwies,Montalbano,0,0
Point (967243.27554432686883956 6015288.64131831750273705),29,2022-05-27 10:07:57,5.19,Strickhof,v3.0,20221,0,15,0,,16.4,16.4,1292.9,Bramenwies,Montalbano,0,0
Point (967240.66874358686618507 6015287.28502616100013256),30,2022-06-03 12:49:48,6.9,Strickhof,v3.0,20284,0,15,0,,18.2,18.2,1397.2,Bramenwies,Montalbano,0,0
Point (967243.7945253832731396 6015283.52530109044164419),31,2022-06-10 12:48:25,6.7,Strickhof,v3.0,20691,0,12,0,,15.7,15.7,1514.4,Bramenwies,Montalbano,0,0
Point (967242.09633945219684392 6015287.18154746666550636),32,2022-06-17 13:35:34,4.61,Strickhof,v3.0,20754,0,12,0,,22.9,22.9,1662.4,Bramenwies,Montalbano,0,0
Point (967283.93516206333879381 6015220.32077283877879381),33,2022-03-11 14:14:39,0.1230504723,Strickhof,v2.0,13488,13521,12,29.53211335,,5.7,5.7,394.2,Bramenwies,Montalbano,2,2
Point (967287.35952600138261914 6015213.33946708310395479),34,2022-03-18 13:48:09,0.1597654569,Strickhof,v2.0,13553,13616,14,44.73432793,,7.5,7.5,452,Bramenwies,Montalbano,2,2
Point (967279.54040616459678859 6015221.49352238327264786),35,2022-05-06 10:34:05,3.24,Strickhof,v3.0,17224,0,15,0,No red dot,11.2,11.2,919.6,Bramenwies,Montalbano,2,2
Point (967266.24417016527149826 6015223.71484842337667942),36,2022-05-13 12:52:50,3.61,Strickhof,v3.0,17287,0,15,0,,17,17,1035.8,Bramenwies,Montalbano,2,2
Point (967267.21456212585326284 6015231.21355264727026224),37,2022-05-20 13:40:43,4.8,Strickhof,v3.0,21007,0,15,0,,23,23,1175.6,Bramenwies,Montalbano,2,2
Point (967282.68484934489242733 6015219.67231139540672302),38,2022-05-27 10:18:03,6.3,Strickhof,v3.0,20222,0,15,0,,16.4,16.4,1292.9,Bramenwies,Montalbano,2,2
Point (967283.02075425430666655 6015227.44005486369132996),39,2022-06-03 12:57:47,5.9,Strickhof,v3.0,20285,0,15,0,,18.2,18.2,1397.2,Bramenwies,Montalbano,2,2
Point (967263.72488334437366575 6015239.69875477999448776),40,2022-06-10 13:37:53,4.19,Strickhof,v3.0,20692,0,13,0,,15.7,15.7,1514.4,Bramenwies,Montalbano,2,2
Point (967280.67875057994388044 6015227.23999743815511465),41,2022-06-17 13:50:46,4.74,Strickhof,v3.0,20755,0,13,0,,22.9,22.9,1662.4,Bramenwies,Montalbano,2,2
Point (967290.29869395913556218 6015354.92586345039308071),42,2022-03-11 14:36:50,0.2091011907,Strickhof,v2.0,13487,13520,12,50.18428578,,5.7,5.7,394.2,Bramenwies,Montalbano,3,3
Point (967296.94214661291334778 6015357.1886155353859067),43,2022-03-30 14:13:00,0.7395323096,Strickhof,v2.0,15079,15016,13,192.2784005,Maybe weight of the bag was 5.2 g,9.4,9.4,573,Bramenwies,Montalbano,3,3
Point (967293.24719260877463967 6015353.29088746756315231),44,2022-03-18 14:32:09,0.09942144474,Strickhof,v2.0,13554,13617,14,27.83800453,,7.5,7.5,452,Bramenwies,Montalbano,3,3
Point (967272.12250608077738434 6015351.12471722438931465),45,2022-04-26 13:48:28,0.6465777719,Strickhof,v2.1,17162,17477,15,190.3476618,Two-times 50cm used for biomass sample,8.1,8.1,805.4,Bramenwies,Montalbano,3,3
Point (967286.743700334103778 6015354.0359397754073143),46,2022-05-06 10:50:52,4.19,Strickhof,v3.0,17225,0,13,0,No red dot,11.2,11.2,919.6,Bramenwies,Montalbano,3,3
Point (967290.72790578776039183 6015358.54764679819345474),47,2022-05-13 13:08:36,3.83,Strickhof,v3.0,17288,0,15,0,,17,17,1035.8,Bramenwies,Montalbano,3,3
Point (967275.91076700401026756 6015360.2654074290767312),48,2022-05-20 13:47:09,5.33,Strickhof,v3.0,21008,0,15,0,,23,23,1175.6,Bramenwies,Montalbano,3,3
Point (967297.74458611861336976 6015357.31279097124934196),49,2022-05-27 10:25:03,4.66,Strickhof,v3.0,20223,0,15,0,,16.4,16.4,1292.9,Bramenwies,Montalbano,3,3
Point (967290.64392956055235118 6015363.21802489459514618),50,2022-06-03 13:02:35,5.37,Strickhof,v3.0,20286,0,15,0,,18.2,18.2,1397.2,Bramenwies,Montalbano,3,3
Point (967271.03081512509379536 6015355.65022000018507242),51,2022-06-10 13:46:48,4.66,Strickhof,v3.0,20693,0,13,0,,15.7,15.7,1514.4,Bramenwies,Montalbano,3,3
Point (967292.27680064819287509 6015355.63642273098230362),52,2022-06-17 14:00:30,4.7,Strickhof,v3.0,20756,0,13,0,,22.9,22.9,1662.4,Bramenwies,Montalbano,3,3
Point (967387.33789002429693937 6015432.98425341490656137),53,2022-03-11 14:54:49,0.1513213665,Strickhof,v2.0,13486,13519,12,36.31712796,,5.7,5.7,394.2,Bramenwies,Montalbano,1,1
Point (967383.71758155571296811 6015440.26927913911640644),54,2022-03-18 15:08:05,0.2290921907,Strickhof,v2.0,13555,13618,13,59.56396959,,7.5,7.5,452,Bramenwies,Montalbano,1,1
Point (967389.09206010692287236 6015430.32135728467255831),55,2022-04-13 13:04:46,0.2240369755,Strickhof,v2.1,17037,17604,14,172.828524,,16,16,667.8,Bramenwies,Montalbano,1,1
Point (967368.32193987222854048 6015443.11154462303966284),56,2022-04-26 14:08:59,0.6873964983,Strickhof,v2.1,17163,17478,13,176.4820477,Two-times 50cm used for biomass sample,8.1,8.1,805.4,Bramenwies,Montalbano,1,1
Point (967388.88678488461300731 6015431.52173004951328039),57,2022-05-06 11:10:35,3.17,Strickhof,v3.0,17226,0,15,0,No red dot,11.2,11.2,919.6,Bramenwies,Montalbano,1,1
Point (967388.68150966218672693 6015433.12912602629512548),58,2022-05-13 13:19:52,3.26,Strickhof,v3.0,17289,0,13,0,,17,17,1035.8,Bramenwies,Montalbano,1,1
Point (967389.12938287470024079 6015433.73621127940714359),59,2022-05-20 13:54:36,4.71,Strickhof,v3.0,21009,0,15,0,,23,23,1175.6,Bramenwies,Montalbano,1,1
Point (967392.2365032872185111 6015443.15983554907143116),60,2022-05-27 10:33:03,3.02,Strickhof,v3.0,20224,0,15,0,,16.4,16.4,1292.9,Bramenwies,Montalbano,1,1
Point (967379.45345534395892173 6015430.19028210919350386),61,2022-06-03 13:09:01,6.45,Strickhof,v3.0,20287,0,15,0,,18.2,18.2,1397.2,Bramenwies,Montalbano,1,1
Point (967378.84696036868263036 6015428.76225267443805933),62,2022-06-10 13:57:38,5.36,Strickhof,v3.0,20694,0,14,0,,15.7,15.7,1514.4,Bramenwies,Montalbano,1,1
Point (967385.49041302222758532 6015438.45492083206772804),63,2022-06-17 14:11:20,5.72,Strickhof,v3.0,20757,0,13,0,,22.9,22.9,1662.4,Bramenwies,Montalbano,1,1
Point (967253.55442914145532995 6014253.16691564116626978),64,2022-03-11 14:46:26,0.3236896082,Strickhof,v2.0,0,13525,13,84.15929812,,5.7,5.7,420.4,Fluegenrain,Cadlimo,0,0
Point (967237.67359147756360471 6014229.56282760389149189),65,2022-03-30 16:20:39,0.6285395007,Strickhof,v2.0,0,14880,14,175.9910602,Maybe weight of the bag was 5.2 g,9.4,9.4,599.2,Fluegenrain,Cadlimo,0,0
Point (967239.54906055540777743 6014228.63853090070188046),66,2022-05-13 13:41:00,4.41,Strickhof,v3.0,14955,0,15,0,,17,17,1062,Fluegenrain,Cadlimo,0,0
Point (967244.90487772284541279 6014225.62422069534659386),67,2022-05-20 14:20:08,5.33,Strickhof,v3.0,15081,0,12,0,,23,23,1201.8,Fluegenrain,Cadlimo,0,0
Point (967242.13822546286974102 6014227.23356791213154793),68,2022-05-06 14:06:45,4.032,Strickhof,v3.0,14817,0,15,0,"Data was added later, due to data loss",11.2,11.2,945.8,Fluegenrain,Cadlimo,0,0
Point (967238.78394381725229323 6014243.3514147587120533),69,2022-05-27 10:50:32,5.11,Strickhof,v3.0,17038,0,14,0,,16.4,16.4,1319.1,Fluegenrain,Cadlimo,0,0
Point (967237.25371034082490951 6014236.13637341558933258),70,2022-06-03 13:24:53,6.88,Strickhof,v3.0,17101,0,15,0,,18.2,18.2,1423.4,Fluegenrain,Cadlimo,0,0
Point (967239.01721111545339227 6014229.56282760389149189),71,2022-06-10 14:16:06,5.86,Strickhof,v3.0,17164,0,12,0,,15.7,15.7,1540.6,Fluegenrain,Cadlimo,0,0
Point (967247.01361409889068455 6014234.37744934018701315),72,2022-06-17 15:48:56,5.66,Strickhof,v3.0,17227,0,12,0,,22.9,22.9,1688.6,Fluegenrain,Cadlimo,0,0
Point (967333.33184513717424124 6014252.58750417456030846),73,2022-03-11 15:01:47,0.4048672885,Strickhof,v2.0,0,13524,13,105.265495,,5.7,5.7,420.4,Fluegenrain,Cadlimo,2,2
Point (967317.27372432698030025 6014246.55886814650148153),74,2022-03-30 16:31:08,1.134216856,Strickhof,v2.0,0,14881,13,294.8963826,Maybe weight of the bag was 5.2 g,9.4,9.4,599.2,Fluegenrain,Cadlimo,2,2
Point (967311.20877457282040268 6014251.48386340029537678),75,2022-04-26 16:29:00,1.460565428,Strickhof,v2.1,13557,17543,13,219.4868046,Two-times 50cm used for biomass sample,8.1,8.1,831.6,Fluegenrain,Cadlimo,2,2
Point (967326.1192202758975327 6014250.4698935579508543),76,2022-05-13 13:52:05,6.25,Strickhof,v3.0,14956,0,13,0,,17,17,1062,Fluegenrain,Cadlimo,2,2
Point (967330.83121970016509295 6014250.39401827100664377),77,2022-05-20 14:23:30,5.75,Strickhof,v3.0,15082,0,13,0,,23,23,1201.8,Fluegenrain,Cadlimo,2,2
Point (967328.24079155980143696 6014250.47895688936114311),78,2022-05-06 00:00:00,5.126,Strickhof,v3.0,14818,0,13,0,"Data was added later, due to data loss",11.2,11.2,945.8,Fluegenrain,Cadlimo,2,2
Point (967323.23603646969422698 6014264.68617542367428541),79,2022-05-27 10:57:11,6.09,Strickhof,v3.0,17039,0,14,0,,16.4,16.4,1319.1,Fluegenrain,Cadlimo,2,2
Point (967328.93708923854865134 6014247.37280274368822575),80,2022-06-03 13:30:02,7.19,Strickhof,v3.0,17102,0,14,0,,18.2,18.2,1423.4,Fluegenrain,Cadlimo,2,2
Point (967326.90299839794170111 6014251.44247687421739101),81,2022-06-10 14:27:43,5.65,Strickhof,v3.0,17165,0,12,0,,15.7,15.7,1540.6,Fluegenrain,Cadlimo,2,2
Point (967328.12531904072966427 6014253.1462223744019866),82,2022-06-17 15:57:26,6.51,Strickhof,v3.0,17228,0,12,0,,22.9,22.9,1688.6,Fluegenrain,Cadlimo,2,2
Point (967358.98191725090146065 6014292.10483445320278406),83,2022-03-11 15:15:35,0.3458428499,Strickhof,v2.0,0,13523,13,89.91914097,,5.7,5.7,420.4,Fluegenrain,Cadlimo,1,1
Point (967369.15237145405262709 6014299.75448336731642485),84,2022-03-30 16:43:55,0.9040470801,Strickhof,v2.0,0,14882,15,271.214124,Maybe weight of the bag was 5.2 g,9.4,9.4,599.2,Fluegenrain,Cadlimo,1,1
Point (967370.75725046580191702 6014301.46513617038726807),85,2022-05-13 14:04:05,4.77,Strickhof,v3.0,14957,0,15,0,,17,17,1062,Fluegenrain,Cadlimo,1,1
Point (967364.67363932798616588 6014295.58821747545152903),86,2022-05-20 14:30:32,4.15,Strickhof,v3.0,15083,0,13,0,,23,23,1201.8,Fluegenrain,Cadlimo,1,1
Point (967367.88092468155082315 6014298.18224554043263197),87,2022-05-06 00:00:00,4.307,Strickhof,v3.0,14819,0,15,0,"Data was added later, due to data loss",11.2,11.2,945.8,Fluegenrain,Cadlimo,1,1
Point (967363.59127906418871135 6014314.95723220333456993),88,2022-05-27 11:06:27,5.46,Strickhof,v3.0,17040,0,14,0,,16.4,16.4,1319.1,Fluegenrain,Cadlimo,1,1
Point (967358.19813912897370756 6014298.1128088217228651),89,2022-06-03 13:35:46,5.85,Strickhof,v3.0,17103,0,14,0,,18.2,18.2,1423.4,Fluegenrain,Cadlimo,1,1
Point (967354.32590197818353772 6014305.51414233166724443),90,2022-06-10 14:38:02,5.04,Strickhof,v3.0,17166,0,12,0,,15.7,15.7,1540.6,Fluegenrain,Cadlimo,1,1
Point (967361.79045552178286016 6014306.85921293962746859),91,2022-06-17 16:06:19,5.22,Strickhof,v3.0,17229,0,12,0,,22.9,22.9,1688.6,Fluegenrain,Cadlimo,1,1
Point (966235.38932581141125411 6014731.18078817427158356),92,2022-03-11 15:50:42,0.2518860407,Strickhof,v2.0,0,13518,13,65.49037059,,5.7,5.7,394.2,Hohrueti,Montalbano,0,0
Point (966236.81692167674191296 6014735.53351343329995871),93,2022-03-30 16:03:05,0.863334738,Strickhof,v2.0,0,14875,13,224.4670319,Maybe weight of the bag was 5.2 g,9.4,9.4,573,Hohrueti,Montalbano,0,0
Point (966232.80472414696123451 6014738.72735285479575396),94,2022-04-26 15:52:34,0.9369861888,Strickhof,v2.1,13551,17537,15,210.6573164,Two-times 50cm used for biomass sample,8.1,8.1,805.4,Hohrueti,Montalbano,0,0
Point (966230.96657783689443022 6014723.91015529632568359),95,2022-05-13 15:14:10,4.59,Strickhof,v3.0,14950,0,13,0,,17,17,1035.8,Hohrueti,Montalbano,0,0
Point (966235.23201140260789543 6014737.37526901345700026),96,2022-05-20 15:30:06,5.34,Strickhof,v3.0,15076,0,14,0,,23,23,1175.6,Hohrueti,Montalbano,0,0
Point (966233.37822398461867124 6014730.19965601991862059),97,2022-05-06 13:45:52,3.955,Strickhof,v3.0,14812,0,13,0,"Data was added later, due to data loss",11.2,11.2,919.6,Hohrueti,Montalbano,0,0
Point (966223.72636452596634626 6014734.65151272062212229),98,2022-05-27 11:51:20,6.1,Strickhof,v3.0,17033,0,15,0,,16.4,16.4,1292.9,Hohrueti,Montalbano,0,0
Point (966231.47976589307654649 6014728.55259854253381491),99,2022-06-03 14:15:03,6.92,Strickhof,v3.0,17096,0,15,0,,18.2,18.2,1397.2,Hohrueti,Montalbano,0,0
Point (966231.36779758986085653 6014736.6717066140845418),100,2022-06-10 15:32:32,6.19,Strickhof,v3.0,17159,0,13,0,,15.7,15.7,1514.4,Hohrueti,Montalbano,0,0
Point (966232.53413408109918237 6014734.4022185429930687),101,2022-06-17 15:16:05,6.37,Strickhof,v3.0,17222,0,12,0,,22.9,22.9,1662.4,Hohrueti,Montalbano,0,0
Point (966309.4843504223972559 6014676.4166552321985364),102,2022-03-11 16:15:29,0.1336954371,Strickhof,v2.0,0,13517,13,34.76081364,,5.7,5.7,394.2,Hohrueti,Montalbano,3,3
Point (966309.99753847846295685 6014685.50144838634878397),103,2022-03-30 15:23:14,0.5123580064,Strickhof,v2.0,0,14871,15,153.7074019,Maybe weight of the bag was 5.2 g,9.4,9.4,573,Hohrueti,Montalbano,3,3
Point (966312.91804505232721567 6014683.19058514107018709),104,2022-04-26 14:55:13,0.864962622,Strickhof,v2.1,13547,17533,13,195.4174813,Two-times 50cm used for biomass sample,8.1,8.1,805.4,Hohrueti,Montalbano,3,3
Point (966315.40000910556409508 6014680.74176058080047369),105,2022-05-13 14:25:51,5.22,Strickhof,v3.0,14946,0,15,0,,17,17,1035.8,Hohrueti,Montalbano,3,3
Point (966315.86654370208270848 6014674.77490927185863256),106,2022-05-20 14:49:02,5.28,Strickhof,v3.0,15072,0,14,0,,23,23,1175.6,Hohrueti,Montalbano,3,3
Point (966315.41083849954884499 6014677.63282238226383924),107,2022-05-06 13:09:26,2.776,Strickhof,v3.0,14808,0,15,0,Data was manually added because of data loss,11.2,11.2,919.6,Hohrueti,Montalbano,3,3
Point (966313.83245286159217358 6014683.88729309849441051),108,2022-05-27 11:25:07,5.87,Strickhof,v3.0,17029,0,14,0,,16.4,16.4,1292.9,Hohrueti,Montalbano,3,3
Point (966315.99717338907066733 6014671.25688326079398394),109,2022-06-03 13:51:54,6.62,Strickhof,v3.0,17092,0,14,0,,18.2,18.2,1397.2,Hohrueti,Montalbano,3,3
Point (966308.99915444198995829 6014685.0737661849707365),110,2022-06-10 14:57:59,5.82,Strickhof,v3.0,17155,0,13,0,,15.7,15.7,1514.4,Hohrueti,Montalbano,3,3
Point (966309.32572865963447839 6014674.85078828223049641),111,2022-06-17 14:36:54,5.68,Strickhof,v3.0,17218,0,15,0,,22.9,22.9,1662.4,Hohrueti,Montalbano,3,3
Point (966192.81337853788863868 6014864.68835234362632036),112,2022-03-11 16:21:22,0.1137664944,Strickhof,v2.0,0,13516,13,29.57928854,,5.7,5.7,394.2,Hohrueti,Montalbano,2,2
Point (966201.05237951152957976 6014873.94579928927123547),113,2022-03-30 15:52:45,0.2643211344,Strickhof,v2.0,0,14874,15,79.29634031,Maybe weight of the bag was 5.2 g,9.4,9.4,573,Hohrueti,Montalbano,2,2
Point (966191.33912921312730759 6014865.03326449822634459),114,2022-05-13 15:05:19,3.61,Strickhof,v3.0,14949,0,15,0,,17,17,1035.8,Hohrueti,Montalbano,2,2
Point (966187.84011973964516073 6014858.4661394665017724),115,2022-05-20 15:25:33,5.06,Strickhof,v3.0,15075,0,14,0,,23,23,1175.6,Hohrueti,Montalbano,2,2
Point (966189.33005333866458386 6014860.64789057243615389),116,2022-05-06 13:37:09,3.161,Strickhof,v3.0,14811,0,13,0,"Data was added later, due to data loss",11.2,11.2,919.6,Hohrueti,Montalbano,2,2
Point (966204.35544445435516536 6014868.20645694807171822),117,2022-05-27 11:43:27,4.79,Strickhof,v3.0,17032,0,15,0,,16.4,16.4,1292.9,Hohrueti,Montalbano,2,2
Point (966192.9066854570992291 6014861.35650165565311909),118,2022-06-03 14:08:24,6.56,Strickhof,v3.0,17095,0,14,0,,18.2,18.2,1397.2,Hohrueti,Montalbano,2,2
Point (966195.48195642966311425 6014861.97734330222010612),119,2022-06-10 15:24:17,5.45,Strickhof,v3.0,17150,0,12,0,,15.7,15.7,1514.4,Hohrueti,Montalbano,2,2
Point (966190.26609964109957218 6014868.68243591673672199),120,2022-06-17 15:07:08,5.44,Strickhof,v3.0,17221,0,13,0,,22.9,22.9,1662.4,Hohrueti,Montalbano,2,2
Point (966286.9600601049605757 6014775.6324942447245121),121,2022-03-11 16:11:12,0.301057523,Strickhof,v2.0,-9999,13515,12,72.25380552,,5.7,5.7,394.2,Hohrueti,Montalbano,4,4
Point (966292.68910494958981872 6014778.19861459545791149),122,2022-03-30 15:33:06,0.717197033,Strickhof,v2.0,0,14872,13,186.4712286,Maybe weight of the bag was 5.2 g,9.4,9.4,573,Hohrueti,Montalbano,4,4
Point (966290.44973888655658811 6014771.9212785204872489),123,2022-05-13 14:50:37,3.98,Strickhof,v3.0,14947,0,13,0,Slight weed pressure from grass strip,17,17,1035.8,Hohrueti,Montalbano,4,4
Point (966295.1337462350493297 6014766.61658817064017057),124,2022-05-20 15:12:38,4.87,Strickhof,v3.0,15073,0,13,0,,23,23,1175.6,Hohrueti,Montalbano,4,4
Point (966293.14051054429728538 6014769.26520178746432066),125,2022-05-06 13:19:16,2.878,Strickhof,v3.0,14809,0,13,0,"Data was added later, due to data loos",11.2,11.2,919.6,Hohrueti,Montalbano,4,4
Point (966301.32932567619718611 6014768.76881585270166397),126,2022-05-27 11:30:54,5.04,Strickhof,v3.0,17030,0,15,0,,16.4,16.4,1292.9,Hohrueti,Montalbano,4,4
Point (966294.59256610320881009 6014777.03972144052386284),127,2022-06-03 13:57:08,6.64,Strickhof,v3.0,17093,0,15,0,,18.2,18.2,1397.2,Hohrueti,Montalbano,4,4
Point (966297.90496173803694546 6014778.81255210284143686),128,2022-06-10 15:07:11,4.88,Strickhof,v3.0,17156,0,13,0,,15.7,15.7,1514.4,Hohrueti,Montalbano,4,4
Point (966293.40756822808180004 6014778.28829086106270552),129,2022-06-17 14:49:27,5.06,Strickhof,v3.0,17219,0,14,0,,22.9,22.9,1662.4,Hohrueti,Montalbano,4,4
Point (966274.59689329855609685 6014854.20302945747971535),130,2022-03-11 16:20:14,0.2577041945,Strickhof,v2.0,-9999,13514,12,61.84900669,,5.7,5.7,394.2,Hohrueti,Montalbano,1,1
Point (966278.3664928381331265 6014869.40675178356468678),131,2022-03-30 15:42:24,0.7846396405,Strickhof,v2.0,0,14873,11,172.6207209,Maybe weight of the bag was 5.2 g,9.4,9.4,573,Hohrueti,Montalbano,1,1
Point (966278.1425562318181619 6014862.34295007307082415),132,2022-05-13 14:56:58,4.06,Strickhof,v3.0,14948,0,15,0,,17,17,1035.8,Hohrueti,Montalbano,1,1
Point (966284.79533957736566663 6014859.5284681785851717),133,2022-05-20 15:17:24,4.61,Strickhof,v3.0,15074,0,13,0,,23,23,1175.6,Hohrueti,Montalbano,1,1
Point (966281.65405065566301346 6014861.17368388455361128),134,2022-05-06 13:27:15,3.307,Strickhof,v3.0,14810,0,15,0,"Data was added later, due to data loss",11.2,11.2,919.6,Hohrueti,Montalbano,1,1
Point (966283.10648433805909008 6014863.28800914715975523),135,2022-05-27 11:36:43,5.86,Strickhof,v3.0,17031,0,15,0,,16.4,16.4,1292.9,Hohrueti,Montalbano,1,1
Point (966286.6148245035437867 6014852.52675861958414316),136,2022-06-03 14:02:20,6.59,Strickhof,v3.0,17094,0,14,0,,18.2,18.2,1397.2,Hohrueti,Montalbano,1,1
Point (966281.35231425543315709 6014858.88003375474363565),137,2022-06-10 15:15:08,5.34,Strickhof,v3.0,17157,0,13,0,,15.7,15.7,1514.4,Hohrueti,Montalbano,1,1
Point (966281.01640934601891786 6014858.90762671176344156),138,2022-06-17 14:58:25,5.66,Strickhof,v3.0,17220,0,15,0,,22.9,22.9,1662.4,Hohrueti,Montalbano,1,1
Point (992259.26761964824981987 6020921.6567196398973465),139,2022-03-17 17:25:54,0.5617492692,SwissFutureFarm,v2.0,13498,13531,15,168.5247808,,7.8,7.8,571.8,Altkloster,Montalbano,0,0
Point (992259.26761964824981987 6020921.6567196398973465),140,2022-03-17 17:25:54,0.5617492692,SwissFutureFarm,v2.0,13498,13531,15,168.5247808,Only 4 points sampled because of time constraints,7.8,7.8,571.8,Altkloster,Montalbano,0,0
Point (992265.83642676647286862 6020917.487265445291996),141,2022-04-12 09:48:35,0.2584197021,SwissFutureFarm,v2.1,14958,15021,14,95.48645885,,11,11,751.1,Altkloster,Montalbano,0,0
Point (992271.23889739357400686 6020915.23686550091952085),142,2022-05-25 10:40:52,4.58,SwissFutureFarm,v3.0,20231,0,13,0,,14.9,14.9,1324,Altkloster,Montalbano,0,0
Point (992270.28716681664809585 6020928.15251238644123077),143,2022-06-01 11:34:05,4.01,SwissFutureFarm,v3.0,13624,0,13,0,,15,15,1423.1,Altkloster,Montalbano,0,0
Point (992262.71997566206846386 6020929.58144938200712204),144,2022-06-20 10:32:54,3.75,SwissFutureFarm,v3.0,14822,0,13,0,,24.4,24.4,1783.8,Altkloster,Montalbano,0,0
Point (992270.12854505388531834 6020917.79790351632982492),145,2022-05-11 14:27:36,2.66,SwissFutureFarm,v3.0,15084,0,13,0,,19.7,19.7,1071.9,Altkloster,Montalbano,0,0
Point (992267.1520543284714222 6020923.83118744473904371),146,2022-06-08 09:17:14,5.83,SwissFutureFarm,v3.0,17041,0,14,0,,15.3,15.3,1544.5,Altkloster,Montalbano,0,0
Point (992264.31552398193161935 6020913.72509408928453922),147,2022-06-15 09:39:26,4.6,SwissFutureFarm,v3.0,20291,0,14,0,,21.9,21.9,1667.4,Altkloster,Montalbano,0,0
Point (992266.10701683245133609 6020921.57388278190046549),148,2022-05-19 09:30:26,5.56,SwissFutureFarm,v3.0,20135,0,14,0,,20.1,20.1,1219.7,Altkloster,Montalbano,0,0
Point (992090.32611157547216862 6020918.96452216431498528),149,2022-03-17 17:46:48,0.5348403634,SwissFutureFarm,v2.0,13497,13530,15,160.452109,,7.8,7.8,571.8,Altkloster,Montalbano,2,2
Point (992090.32611157547216862 6020918.96452216431498528),150,2022-03-17 17:46:48,0.5348403634,SwissFutureFarm,v2.0,13497,13530,15,160.452109,Only 4 points sampled because of time constraints,7.8,7.8,571.8,Altkloster,Montalbano,2,2
Point (992100.65518754126969725 6020916.83147398754954338),151,2022-04-12 10:31:57,0.5164111622,SwissFutureFarm,v2.1,14960,15023,14,143.6780316,,11,11,751.1,Altkloster,Montalbano,2,2
Point (992094.92614269664045423 6020930.75497269630432129),152,2022-05-25 10:30:25,5.31,SwissFutureFarm,v3.0,20230,0,13,0,,14.9,14.9,1324,Altkloster,Montalbano,2,2
Point (992099.89007080311421305 6020919.5236708028241992),153,2022-06-01 11:27:26,5.13,SwissFutureFarm,v3.0,13625,0,13,0,,15,15,1423.1,Altkloster,Montalbano,2,2
Point (992105.80572948628105223 6020918.38466435484588146),154,2022-06-20 10:26:09,3.61,SwissFutureFarm,v3.0,14823,0,13,0,,24.4,24.4,1783.8,Altkloster,Montalbano,2,2
Point (992100.88845483958721161 6020910.52897549420595169),155,2022-05-11 15:06:27,4.01,SwissFutureFarm,v3.0,15089,0,13,0,,19.7,19.7,1071.9,Altkloster,Montalbano,2,2
Point (992101.87750818394124508 6020912.13048617634922266),156,2022-06-08 09:30:19,5.91,SwissFutureFarm,v3.0,17042,0,14,0,,15.3,15.3,1544.5,Altkloster,Montalbano,2,2
Point (992104.50876330817118287 6020900.80946873873472214),157,2022-06-15 09:45:51,6.12,SwissFutureFarm,v3.0,20292,0,14,0,,21.9,21.9,1667.4,Altkloster,Montalbano,2,2
Point (992098.21987694769632071 6020921.45653056912124157),158,2022-05-19 09:52:58,5.96,SwissFutureFarm,v3.0,20137,0,14,0,,20.1,20.1,1219.7,Altkloster,Montalbano,2,2
Point (991972.8900229528080672 6020897.61335491202771664),159,2022-03-17 18:08:37,0.7372327218,SwissFutureFarm,v2.0,13496,13529,15,221.1698165,,7.8,7.8,571.8,Altkloster,Montalbano,3,3
Point (991972.8900229528080672 6020897.61335491202771664),160,2022-03-17 18:08:37,0.7372327218,SwissFutureFarm,v2.0,13496,13529,15,221.1698165,Only 4 points sampled because of time constraints,7.8,7.8,571.8,Altkloster,Montalbano,3,3
Point (991978.79635094408877194 6020885.46399131044745445),161,2022-04-12 10:57:09,0.2872324127,SwissFutureFarm,v2.1,14961,15024,14,101.9472789,,11,11,751.1,Altkloster,Montalbano,3,3
Point (991983.47102760069537908 6020873.55625091586261988),162,2022-05-25 10:19:48,4.39,SwissFutureFarm,v3.0,20229,0,13,0,,14.9,14.9,1324,Altkloster,Montalbano,3,3
Point (991980.37323788017965853 6020896.08087742794305086),163,2022-06-01 11:20:43,4.2,SwissFutureFarm,v3.0,13626,0,13,0,,15,15,1423.1,Altkloster,Montalbano,3,3
Point (991980.80244970880448818 6020887.83173526171594858),164,2022-06-20 10:18:54,3.36,SwissFutureFarm,v3.0,14824,0,13,0,,24.4,24.4,1783.8,Altkloster,Montalbano,3,3
Point (991992.3258542416151613 6020884.73226881586015224),165,2022-05-11 14:58:43,2.6,SwissFutureFarm,v3.0,15088,0,13,0,,19.7,19.7,1071.9,Altkloster,Montalbano,3,3
Point (991992.38183839316479862 6020882.74419292993843555),166,2022-06-08 09:35:30,6.11,SwissFutureFarm,v3.0,17043,0,14,0,,15.3,15.3,1544.5,Altkloster,Montalbano,3,3
Point (991984.49740371282678097 6020890.68269312754273415),167,2022-06-15 09:50:18,4.84,SwissFutureFarm,v3.0,20293,0,14,0,,21.9,21.9,1667.4,Altkloster,Montalbano,3,3
Point (991982.30469110945705324 6020865.19668180216103792),168,2022-05-19 10:15:55,5.1,SwissFutureFarm,v3.0,20140,0,14,0,,20.1,20.1,1219.7,Altkloster,Montalbano,3,3
Point (992226.927441421081312 6020825.93925920687615871),169,2022-04-12 10:15:13,0.4025600127,SwissFutureFarm,v2.1,14959,15022,14,120.5807666,,11,11,751.1,Altkloster,Montalbano,1,1
Point (992230.89298549108207226 6020828.12060595583170652),170,2022-05-25 10:57:15,5.27,SwissFutureFarm,v3.0,20232,0,13,0,,14.9,14.9,1324,Altkloster,Montalbano,1,1
Point (992236.36077096161898226 6020834.92696358729153872),171,2022-06-01 11:41:34,4.9,SwissFutureFarm,v3.0,13623,0,13,0,,15,15,1423.1,Altkloster,Montalbano,1,1
Point (992223.08319634629879147 6020818.42880371771752834),172,2022-06-20 10:42:16,3.85,SwissFutureFarm,v3.0,14821,0,13,0,,24.4,24.4,1783.8,Altkloster,Montalbano,1,1
Point (992232.82443872035946697 6020832.38665910251438618),173,2022-05-11 14:35:54,2.82,SwissFutureFarm,v3.0,15085,0,13,0,,19.7,19.7,1071.9,Altkloster,Montalbano,1,1
Point (992233.6268782262923196 6020835.55513682775199413),174,2022-06-08 09:53:23,6.28,SwissFutureFarm,v3.0,17046,0,14,0,,15.3,15.3,1544.5,Altkloster,Montalbano,1,1
Point (992238.28289349901024252 6020836.63890833780169487),175,2022-06-15 10:05:46,4.07,SwissFutureFarm,v3.0,20296,0,14,0,,21.9,21.9,1667.4,Altkloster,Montalbano,1,1
Point (992240.82084170379675925 6020823.29541245847940445),176,2022-05-19 09:44:11,4.73,SwissFutureFarm,v3.0,20136,0,14,0,,20.1,20.1,1219.7,Altkloster,Montalbano,1,1
Point (991946.70810139912646264 6020810.73887718375772238),177,2022-04-12 11:13:19,0.2327922519,SwissFutureFarm,v2.1,14962,15025,14,91.33759692,,11,11,751.1,Altkloster,Montalbano,4,4
Point (991934.82079988101031631 6020806.13458871375769377),178,2022-05-25 11:07:59,5.05,SwissFutureFarm,v3.0,20233,0,13,0,,14.9,14.9,1324,Altkloster,Montalbano,4,4
Point (991953.3328926688991487 6020817.51070620398968458),179,2022-06-01 11:49:28,2.65,SwissFutureFarm,v3.0,13622,0,13,0,,15,15,1423.1,Altkloster,Montalbano,4,4
Point (991941.43626045889686793 6020793.90251790732145309),180,2022-06-20 10:49:14,3.65,SwissFutureFarm,v3.0,14820,0,13,0,,24.4,24.4,1783.8,Altkloster,Montalbano,4,4
Point (991944.42208187642972916 6020804.62973934412002563),181,2022-05-11 14:43:55,2.8,SwissFutureFarm,v3.0,15086,0,13,0,,19.7,19.7,1071.9,Altkloster,Montalbano,4,4
Point (991945.48578075633849949 6020814.44577987585216761),182,2022-06-08 09:46:53,5.39,SwissFutureFarm,v3.0,17045,0,14,0,,15.3,15.3,1544.5,Altkloster,Montalbano,4,4
Point (991944.76158653758466244 6020804.95929735898971558),183,2022-06-15 10:00:00,5.35,SwissFutureFarm,v3.0,20295,0,14,0,,21.9,21.9,1667.4,Altkloster,Montalbano,4,4
Point (991940.06464874534867704 6020824.85548903048038483),184,2022-05-19 10:08:46,5.13,SwissFutureFarm,v3.0,20139,0,14,0,,20.1,20.1,1219.7,Altkloster,Montalbano,4,4
Point (991837.1004633050179109 6020874.61931808851659298),185,2022-04-12 11:28:16,0.3444631854,SwissFutureFarm,v2.1,14963,15026,14,106.6511016,,11,11,751.1,Altkloster,Montalbano,5,5
Point (991827.90040106268133968 6020890.54463219549506903),186,2022-05-25 10:04:33,4.53,SwissFutureFarm,v3.0,20228,0,13,0,,14.9,14.9,1324,Altkloster,Montalbano,5,5
Point (991830.08378297416493297 6020896.59860627446323633),187,2022-06-01 11:13:12,4.57,SwissFutureFarm,v3.0,13627,0,13,0,,15,15,1423.1,Altkloster,Montalbano,5,5
Point (991830.73693140922114253 6020896.85401918366551399),188,2022-06-20 10:09:44,2.91,SwissFutureFarm,v3.0,14825,0,13,0,,24.4,24.4,1783.8,Altkloster,Montalbano,5,5
Point (991835.94345750589855015 6020884.96697225142270327),189,2022-05-11 14:51:57,2.69,SwissFutureFarm,v3.0,15087,0,13,0,,19.7,19.7,1071.9,Altkloster,Montalbano,5,5
Point (991835.71019020769745111 6020869.32469262927770615),190,2022-06-08 09:40:50,5.25,SwissFutureFarm,v3.0,17044,0,14,0,,15.3,15.3,1544.5,Altkloster,Montalbano,5,5
Point (991834.95440416119527072 6020878.250314736738801),191,2022-06-15 09:56:36,5.14,SwissFutureFarm,v3.0,20294,0,14,0,,21.9,21.9,1667.4,Altkloster,Montalbano,5,5
Point (991830.8302383286645636 6020902.76303349435329437),192,2022-05-19 10:01:42,3.71,SwissFutureFarm,v3.0,20138,0,14,0,,20.1,20.1,1219.7,Altkloster,Montalbano,5,5
Point (991400.02286125882528722 6020007.69689579773694277),193,2022-03-17 13:46:31,0.1275518405,SwissFutureFarm,v2.0,13504,13537,14,35.71451535,,7.8,7.8,526.9,Ruetteli,Montalbano,0,0
Point (991400.02286125882528722 6020007.69689579773694277),194,2022-03-17 13:46:31,0.1275518405,SwissFutureFarm,v2.0,13504,13537,14,35.71451535,Only 4 points sampled because of time constraints,7.8,7.8,526.9,Ruetteli,Montalbano,0,0
Point (991397.83947934734169394 6019994.9275715546682477),195,2022-04-12 13:31:19,0.2320606053,SwissFutureFarm,v2.1,14969,15032,14,78.32840158,,11,11,706.2,Ruetteli,Montalbano,0,0
Point (991387.71567860408686101 6019996.86022482439875603),196,2022-06-01 10:50:21,3.53,SwissFutureFarm,v3.0,13569,0,13,0,,15,15,1378.2,Ruetteli,Montalbano,0,0
Point (991399.10845344979315996 6019987.42473955638706684),197,2022-06-20 11:48:32,2.3,SwissFutureFarm,v3.0,14889,0,13,0,,24.4,24.4,1738.9,Ruetteli,Montalbano,0,0
Point (991397.17700022028293461 6019983.27644241042435169),198,2022-05-11 14:02:14,1.8,SwissFutureFarm,v3.0,15094,0,13,0,,19.7,19.7,1027,Ruetteli,Montalbano,0,0
Point (991397.11168537696357816 6019991.97337381821125746),199,2022-06-08 10:18:51,4.24,SwissFutureFarm,v3.0,17049,0,14,0,,15.3,15.3,1499.6,Ruetteli,Montalbano,0,0
Point (991399.97620779916178435 6019992.9189930772408843),200,2022-06-15 10:29:49,3.56,SwissFutureFarm,v3.0,20299,0,14,0,,21.9,21.9,1622.5,Ruetteli,Montalbano,0,0
Point (991401.02124529529828578 6019997.0396855054423213),201,2022-05-19 11:05:19,4.18,SwissFutureFarm,v3.0,20145,0,14,0,,20.1,20.1,1174.8,Ruetteli,Montalbano,0,0
Point (991521.65776124980766326 6020008.38713007792830467),202,2022-03-17 14:37:50,0.1570607231,SwissFutureFarm,v2.0,13503,13536,14,43.97700248,,7.8,7.8,526.9,Ruetteli,Montalbano,5,5
Point (991521.65776124980766326 6020008.38713007792830467),203,2022-03-17 14:37:50,0.1570607231,SwissFutureFarm,v2.0,13503,13536,14,43.97700248,Only 4 points sampled because of time constraints,7.8,7.8,526.9,Ruetteli,Montalbano,5,5
Point (991514.50112053996417671 6020014.97196787316352129),204,2022-04-12 13:03:16,0.2257583276,SwissFutureFarm,v2.1,14967,15030,14,90.8935489,,11,11,706.2,Ruetteli,Montalbano,5,5
Point (991516.32993615814484656 6020017.32566897105425596),205,2022-06-01 10:56:16,3.21,SwissFutureFarm,v3.0,13570,0,13,0,,15,15,1378.2,Ruetteli,Montalbano,5,5
Point (991512.61632077023386955 6020019.70007776468992233),206,2022-06-20 11:42:22,4.31,SwissFutureFarm,v3.0,14890,0,13,0,,24.4,24.4,1738.9,Ruetteli,Montalbano,5,5
Point (991517.59891026047989726 6020016.7665786212310195),207,2022-05-11 14:09:23,3,SwissFutureFarm,v3.0,15095,0,13,0,,19.7,19.7,1027,Ruetteli,Montalbano,5,5
Point (991520.72469205688685179 6020009.21541128493845463),208,2022-06-08 10:13:10,6.62,SwissFutureFarm,v3.0,17048,0,14,0,,15.3,15.3,1499.6,Ruetteli,Montalbano,5,5
Point (991519.46504864643793553 6020007.35868102125823498),209,2022-06-15 10:25:44,5.61,SwissFutureFarm,v3.0,20298,0,14,0,,21.9,21.9,1622.5,Ruetteli,Montalbano,5,5
Point (991517.32832019461784512 6020007.22063417639583349),210,2022-05-19 11:10:57,5.77,SwissFutureFarm,v3.0,20146,0,14,0,,20.1,20.1,1174.8,Ruetteli,Montalbano,5,5
Point (991620.88033922633621842 6020019.38256957475095987),211,2022-03-17 15:13:02,0.15093895,SwissFutureFarm,v2.0,13502,13535,14,42.262906,,7.8,7.8,526.9,Ruetteli,Montalbano,1,1
Point (991620.88033922633621842 6020019.38256957475095987),212,2022-03-17 15:13:02,0.15093895,SwissFutureFarm,v2.0,13502,13535,14,42.262906,Only 4 points sampled because of time constraints,7.8,7.8,526.9,Ruetteli,Montalbano,1,1
Point (991620.40447393804788589 6020011.96944687515497208),213,2022-04-12 12:20:54,0.2831097772,SwissFutureFarm,v2.1,14964,15027,14,110.498604,,11,11,706.2,Ruetteli,Montalbano,1,1
Point (991615.71113589755259454 6020019.2997413519769907),214,2022-06-01 10:04:10,4.35,SwissFutureFarm,v3.0,13565,0,13,0,,15,15,1378.2,Ruetteli,Montalbano,1,1
Point (991623.0263983701588586 6020020.1694377176463604),215,2022-06-20 11:35:08,3.05,SwissFutureFarm,v3.0,14891,0,13,0,,24.4,24.4,1738.9,Ruetteli,Montalbano,1,1
Point (991618.30506825388874859 6020016.85630916710942984),216,2022-05-11 13:17:43,4.51,SwissFutureFarm,v3.0,15090,0,13,0,,19.7,19.7,1027,Ruetteli,Montalbano,1,1
Point (991618.2397534103365615 6020020.18324242439121008),217,2022-06-08 10:06:59,6.86,SwissFutureFarm,v3.0,17047,0,14,0,,15.3,15.3,1499.6,Ruetteli,Montalbano,1,1
Point (991613.38779360719490796 6020012.81153311859816313),218,2022-06-15 10:20:26,5.24,SwissFutureFarm,v3.0,20297,0,14,0,,21.9,21.9,1622.5,Ruetteli,Montalbano,1,1
Point (991622.7651389961829409 6020000.87738407403230667),219,2022-05-19 10:34:21,5.22,SwissFutureFarm,v3.0,20141,0,14,0,,20.1,20.1,1174.8,Ruetteli,Montalbano,1,1
Point (991619.83530173019971699 6019894.14720390271395445),220,2022-03-17 15:39:00,0.1373129515,SwissFutureFarm,v2.0,13501,13534,14,38.44762643,,7.8,7.8,526.9,Ruetteli,Montalbano,4,4
Point (991619.83530173019971699 6019894.14720390271395445),221,2022-03-17 15:39:00,0.1373129515,SwissFutureFarm,v2.0,13501,13534,14,38.44762643,Only 4 points sampled because of time constraints,7.8,7.8,526.9,Ruetteli,Montalbano,4,4
Point (991589.2399628940038383 6019903.83106882125139236),222,2022-04-12 12:39:07,0.1919811103,SwissFutureFarm,v2.1,14965,15028,14,82.12525273,,11,11,706.2,Ruetteli,Montalbano,4,4
Point (991595.79010862833820283 6019913.86005795001983643),223,2022-06-01 10:23:55,4.34,SwissFutureFarm,v3.0,13566,0,13,0,,15,15,1378.2,Ruetteli,Montalbano,4,4
Point (991585.65697719319723547 6019932.64114869013428688),224,2022-06-20 11:25:56,4.15,SwissFutureFarm,v3.0,14892,0,13,0,,24.4,24.4,1738.9,Ruetteli,Montalbano,4,4
Point (991595.09963742573745549 6019901.93984987027943134),225,2022-05-11 13:34:54,3.24,SwissFutureFarm,v3.0,15091,0,13,0,,19.7,19.7,1027,Ruetteli,Montalbano,4,4
Point (991597.44164109986741096 6019909.898157206363976),226,2022-06-08 10:40:51,5.55,SwissFutureFarm,v3.0,17052,0,14,0,,15.3,15.3,1499.6,Ruetteli,Montalbano,4,4
Point (991589.14665597467683256 6019910.02930023241788149),227,2022-06-15 10:43:28,6.11,SwissFutureFarm,v3.0,20302,0,14,0,,21.9,21.9,1622.5,Ruetteli,Montalbano,4,4
Point (991586.99126613896805793 6019908.8006972149014473),228,2022-05-19 10:44:57,4.86,SwissFutureFarm,v3.0,20142,0,14,0,,20.1,20.1,1174.8,Ruetteli,Montalbano,4,4
Point (991499.30142338701989502 6019890.8686348395422101),229,2022-03-17 16:02:29,0.1075275008,SwissFutureFarm,v2.0,13500,13532,14,30.10770022,,7.8,7.8,526.9,Ruetteli,Montalbano,3,3
Point (991499.30142338701989502 6019890.8686348395422101),230,2022-03-17 16:02:29,0.1075275008,SwissFutureFarm,v2.0,13500,13532,14,30.10770022,Only 4 points sampled because of time constraints,7.8,7.8,526.9,Ruetteli,Montalbano,3,3
Point (991478.68992491508834064 6019921.7355489544570446),231,2022-04-12 12:51:27,0.466908246,SwissFutureFarm,v2.1,14966,15029,14,99.23726417,,11,11,706.2,Ruetteli,Montalbano,3,3
Point (991488.18856929917819798 6019932.65495325345546007),232,2022-06-01 10:31:32,4.94,SwissFutureFarm,v3.0,13567,0,13,0,,15,15,1378.2,Ruetteli,Montalbano,3,3
Point (991488.70175735536031425 6019931.23308313824236393),233,2022-06-20 11:19:03,4.42,SwissFutureFarm,v3.0,14893,0,13,0,,24.4,24.4,1738.9,Ruetteli,Montalbano,3,3
Point (991486.56502890342380852 6019923.63367450423538685),234,2022-05-11 13:45:21,2.68,SwissFutureFarm,v3.0,15092,0,13,0,,19.7,19.7,1027,Ruetteli,Montalbano,3,3
Point (991487.56341293989680707 6019920.80374202225357294),235,2022-06-08 10:34:45,5.74,SwissFutureFarm,v3.0,17051,0,14,0,,15.3,15.3,1499.6,Ruetteli,Montalbano,3,3
Point (991482.49684722232632339 6019931.15715804509818554),236,2022-06-15 10:38:55,4.42,SwissFutureFarm,v3.0,20301,0,14,0,,21.9,21.9,1622.5,Ruetteli,Montalbano,3,3
Point (991484.14837969373911619 6019919.27143750339746475),237,2022-05-19 10:51:17,4.97,SwissFutureFarm,v3.0,20143,0,14,0,,20.1,20.1,1174.8,Ruetteli,Montalbano,3,3
Point (991367.6733523397706449 6019891.78663405124098063),238,2022-03-17 16:05:03,0.4457648812,SwissFutureFarm,v2.0,13499,13533,14,124.8141667,,7.8,7.8,526.9,Ruetteli,Montalbano,2,2
Point (991367.6733523397706449 6019891.78663405124098063),239,2022-03-17 16:05:03,0.4457648812,SwissFutureFarm,v2.0,13499,13533,14,124.8141667,Only 4 points sampled because of time constraints,7.8,7.8,526.9,Ruetteli,Montalbano,2,2
Point (991356.26191611029207706 6019909.80842776503413916),240,2022-04-12 13:21:07,0.2399121027,SwissFutureFarm,v2.1,14968,15031,14,97.87142734,,11,11,706.2,Ruetteli,Montalbano,2,2
Point (991358.41730594588443637 6019919.62345337867736816),241,2022-06-01 10:42:13,3.76,SwissFutureFarm,v3.0,13568,0,13,0,,15,15,1378.2,Ruetteli,Montalbano,2,2
Point (991359.08911576494574547 6019920.93488521315157413),242,2022-06-20 11:11:29,4.79,SwissFutureFarm,v3.0,14894,0,13,0,,24.4,24.4,1738.9,Ruetteli,Montalbano,2,2
Point (991355.75805874599609524 6019897.03924795798957348),243,2022-05-11 13:53:27,3.44,SwissFutureFarm,v3.0,15093,0,13,0,,19.7,19.7,1027,Ruetteli,Montalbano,2,2
Point (991358.31466833467129618 6019906.34349170606583357),244,2022-06-08 10:29:12,6.27,SwissFutureFarm,v3.0,17050,0,14,0,,15.3,15.3,1499.6,Ruetteli,Montalbano,2,2
Point (991353.3694016122026369 6019913.70130579266697168),245,2022-06-15 10:35:02,4.89,SwissFutureFarm,v3.0,20300,0,14,0,,21.9,21.9,1622.5,Ruetteli,Montalbano,2,2
Point (991356.64447447936981916 6019901.90533857792615891),246,2022-05-19 10:57:34,4.91,SwissFutureFarm,v3.0,20144,0,14,0,,20.1,20.1,1174.8,Ruetteli,Montalbano,2,2
Point (789243.46289410488680005 5939250.75808618310838938),247,2022-03-22 10:43:41,0.6828092612,Witzwil,v2.0,13604,13667,13,88.76520395,Field was affected by flooding last year; pattern visible in SAT data and in-situ,9.6,9.6,887.1,Parzelle 35,Baretta,4,4
Point (789070.21993705281056464 5939332.82713985908776522),248,2022-03-22 13:37:31,0.9229258009,Witzwil,v2.0,13603,13666,13,119.9803541,Field was affected by flooding last year; pattern visible in SAT data and in-situ,9.6,9.6,887.1,Parzelle 35,Baretta,4,4
Point (789071.57288738258648664 5939306.62185524217784405),249,2022-05-17 10:11:47,6.48,Witzwil,v3.0,13592,0,13,0,"Two plants are already ""exploded"". The barb is visibke",22,22,1644.6,Parzelle 35,Baretta,4,4
Point (789073.32705746521241963 5939315.23840673826634884),250,2022-06-02 12:03:27,4.65,Witzwil,v3.0,14841,0,13,0,,21.1,21.1,1963.3,Parzelle 35,Baretta,4,4
Point (789068.5124204297317192 5939314.32888145558536053),251,2022-06-14 08:07:32,4.78,Witzwil,v3.0,20159,0,13,0,,22.5,22.5,2212,Parzelle 35,Baretta,4,4
Point (789073.63497029896825552 5939318.04904561210423708),252,2022-06-28 09:44:48,3.94,Witzwil,v3.0,20165,0,13,0,,19.8,19.8,2550.3,Parzelle 35,Baretta,4,4
Point (788987.97921838751062751 5939246.03953228518366814),253,2022-03-22 14:00:17,0.7800811794,Witzwil,v2.0,13602,13665,13,101.4105533,Field was affected by flooding last year; pattern visible in SAT data and in-situ,9.6,9.6,887.1,Parzelle 35,Baretta,1,1
Point (788994.88393041538074613 5939238.77022888045758009),254,2022-05-17 09:58:12,8.31,Witzwil,v3.0,13591,0,13,0,,22,22,1644.6,Parzelle 35,Baretta,1,1
Point (788989.92000230890698731 5939224.65562508441507816),255,2022-06-02 11:38:08,4.97,Witzwil,v3.0,14839,0,13,0,,21.1,21.1,1963.3,Parzelle 35,Baretta,1,1
Point (788997.37522516038734466 5939237.76497291401028633),256,2022-06-14 08:16:46,6.64,Witzwil,v3.0,20160,0,13,0,,22.5,22.5,2212,Parzelle 35,Baretta,1,1
Point (788991.42224370955955237 5939236.22631604503840208),257,2022-06-28 09:56:04,6.24,Witzwil,v3.0,20166,0,13,0,,19.8,19.8,2550.3,Parzelle 35,Baretta,1,1
Point (789042.87167900789063424 5939079.09326716419309378),258,2022-03-22 14:21:31,1.791321836,Witzwil,v2.0,1360113,13664,13,232.8718387,Field was affected by flooding last year; pattern visible in SAT data and in-situ,9.6,9.6,887.1,Parzelle 35,Baretta,5,5
Point (789034.77263841324020177 5939073.96450527757406235),259,2022-05-17 09:42:32,9.63,Witzwil,v3.0,13590,0,13,0,,22,22,1644.6,Parzelle 35,Baretta,5,5
Point (789026.6735978185897693 5939087.41554453689604998),260,2022-06-02 11:49:44,5.42,Witzwil,v3.0,14840,0,13,0,,21.1,21.1,1963.3,Parzelle 35,Baretta,5,5
Point (789027.24277002620510757 5939077.61618343181908131),261,2022-06-14 08:49:48,7.06,Witzwil,v3.0,20162,0,13,0,,22.5,22.5,2212,Parzelle 35,Baretta,5,5
Point (789037.52519253245554864 5939079.038560357876122),262,2022-06-28 10:23:15,7.05,Witzwil,v3.0,20168,0,13,0,Weizen gelegt (Regnen?),19.8,19.8,2550.3,Parzelle 35,Baretta,5,5
Point (788807.01044841797556728 5939315.04008918534964323),263,2022-03-22 14:48:57,2.213371128,Witzwil,v2.0,13600,13663,13,287.7382466,Field was affected by flooding last year; pattern visible in SAT data and in-situ,9.6,9.6,887.1,Parzelle 35,Baretta,0,0
Point (788806.20800891204271466 5939328.77188059035688639),264,2022-05-17 09:23:10,8.36,Witzwil,v3.0,13589,0,13,0,,22,22,1644.6,Parzelle 35,Baretta,0,0
Point (788825.19596698833629489 5939321.42044575046747923),265,2022-06-02 11:23:43,5.39,Witzwil,v3.0,14836,0,13,0,,21.1,21.1,1963.3,Parzelle 35,Baretta,0,0
Point (788827.42600235936697572 5939303.58554864954203367),266,2022-06-14 08:30:59,6.62,Witzwil,v3.0,20161,0,13,0,,22.5,22.5,2212,Parzelle 35,Baretta,0,0
Point (788826.67021631309762597 5939310.60871888510882854),267,2022-06-28 10:07:41,6.82,Witzwil,v3.0,20167,0,13,0,,19.8,19.8,2550.3,Parzelle 35,Baretta,0,0
Point (788978.74183337751310319 5939415.01322208624333143),268,2022-03-22 15:08:43,0.3412812487,Witzwil,v2.0,13599,13662,13,44.36656233,Field was affected by flooding last year; pattern visible in SAT data and in-situ,9.6,9.6,887.1,Parzelle 35,Baretta,2,2
Point (788981.29844296618830413 5939401.77367440704256296),269,2022-05-17 09:06:17,5.53,Witzwil,v3.0,13588,0,13,0,,22,22,1644.6,Parzelle 35,Baretta,2,2
Point (788979.1057303628185764 5939400.0093147149309516),270,2022-06-02 10:47:20,3.18,Witzwil,v3.0,14837,0,13,0,,21.1,21.1,1963.3,Parzelle 35,Baretta,2,2
Point (788977.04364744643680751 5939403.05249347817152739),271,2022-06-14 07:58:14,4.12,Witzwil,v3.0,20158,0,13,0,,22.5,22.5,2212,Parzelle 35,Baretta,2,2
Point (788991.71149515931028873 5939406.75901825539767742),272,2022-06-28 09:24:57,4.34,Witzwil,v3.0,20164,0,13,0,Eine Weizensbande (4m x 10m) grüner als anderswo,19.8,19.8,2550.3,Parzelle 35,Baretta,2,2
Point (789056.1399229314411059 5939451.09382694307714701),273,2022-03-22 15:25:54,0.7330523431,Witzwil,v2.0,13598,13661,13,95.29680461,Field was affected by flooding last year; pattern visible in SAT data and in-situ,9.6,9.6,887.1,Parzelle 35,Baretta,3,3
Point (789064.63085258717183024 5939454.13702352810651064),274,2022-05-17 08:41:22,9.25,Witzwil,v3.0,13587,0,38,0,,22,22,1644.6,Parzelle 35,Baretta,3,3
Point (789052.27701647265348583 5939454.90979046747088432),275,2022-06-02 10:25:05,7.26,Witzwil,v3.0,14838,0,13,0,,21.1,21.1,1963.3,Parzelle 35,Baretta,3,3
Point (789058.56590283312834799 5939449.26790950354188681),276,2022-06-14 07:47:01,6.02,Witzwil,v3.0,20157,0,13,0,,22.5,22.5,2212,Parzelle 35,Baretta,3,3
Point (789051.0733572137542069 5939454.17805539816617966),277,2022-06-28 09:06:04,6.47,Witzwil,v3.0,20163,0,13,0,Der Weizen ist ganz am Boden gelegt (wegen des Regens?). Fläche 50m x 10m,19.8,19.8,2550.3,Parzelle 35,Baretta,3,3